Season,Season.1,No. of episodes,Originally aired,Originally aired.1,Originally aired.2,Viewership,Viewership.1,Viewership.2
1,1989–90,13,"December 17, 1989","May 13, 1990",Sunday 8:30 pm,13.4m h.[n1][128],33.5[129],"""Life on the Fast Lane"""
2,1990–91,22,"October 11, 1990","July 11, 1991",Thursday 8:00 pm,12.2m h.[n1][n2],33.6[130],"""Bart Gets an 'F'"""
3,1991–92,24,"September 19, 1991","August 27, 1992",Thursday 8:00 pm,12m h.[n1][n3],25.5[131],"""Colonel Homer"""
4,1992–93,22,"September 24, 1992","May 13, 1993",Thursday 8:00 pm,12.1m h.[n1][132],28.6[133],"""Lisa's First Word"""
5,1993–94,22,"September 30, 1993","May 19, 1994",Thursday 8:00 pm,10.5m h.[n1][n4],24.0[134],"""Treehouse of Horror IV"""
6,1994–95,25,"September 4, 1994","May 21, 1995",Sunday 8:00 pm,9m h.[n1][135],22.2[136],"""Treehouse of Horror V"""
7,1995–96,25,"September 17, 1995","May 19, 1996",Sunday 8:00 pm (Episodes 1–24) Sunday 8:30 pm (Episode 25),8m h.[n1][137],22.6[138],"""Who Shot Mr. Burns? – Part II"""
8,1996–97,25,"October 27, 1996","May 18, 1997","Sunday 8:30 pm (Episodes 1–3) Sunday 8:00 pm (Episodes 4–12, 14–25) Friday 8:00 pm (Episode 13)[139]",8.6m h.[140],20.41[141],"""The Springfield Files"""
9,1997–98,25,"September 21, 1997","May 17, 1998",Sunday 8:00 pm,9.1m h.[142],19.80[143],"""The Two Mrs. Nahasapeemapetilons"""
10,1998–99,23,"August 23, 1998","May 16, 1999",Sunday 8:00 pm,7.9m h.[144],19.11[145],"""Sunday, Cruddy Sunday"""
11,1999–2000,22,"September 26, 1999","May 21, 2000",Sunday 8:00 pm,8.2m h.[146],19.16[147],"""Faith Off"""
12,2000–01,21,"November 1, 2000","May 20, 2001",Sunday 8:00 pm,14.7m v.[148],18.52[149],"""HOMR"""
13,2001–02,22,"November 6, 2001","May 22, 2002",Tuesday 8:30 pm (Episode 1) Sunday 8:00 pm (Episodes 2–20) Sunday 7:30 pm (Episode 21) Wednesday 8:00 pm (Episode 22),12.4m v.[150],14.91[151],"""The Parent Rap"""
14,2002–03,22,"November 3, 2002","May 18, 2003","Sunday 8:00 pm (Episodes 1–11, 13–21) Sunday 8:30 pm (Episodes 12, 22)",13.4m v.[152],22.04[153],"""I'm Spelling as Fast as I Can"""
15,2003–04,22,"November 2, 2003","May 23, 2004",Sunday 8:00 pm,10.6m v.[154],16.30[155],"""I, (Annoyed Grunt)-Bot"""
16,2004–05,21,"November 7, 2004","May 15, 2005","Sunday 8:00 pm (Episodes 1–7, 9–16, 18, 20) Sunday 10:30 pm (Episode 8) Sunday 8:30 pm (Episodes 17, 19, 21)",9.6m v.[156],23.07[157],"""Homer and Ned's Hail Mary Pass"""
17,2005–06,22,"September 11, 2005","May 21, 2006",Sunday 8:00 pm,9.1m v.[158],11.66[159],"""Treehouse of Horror XVI"""
18,2006–07,22,"September 10, 2006","May 20, 2007",Sunday 8:00 pm,8.6m v.[160],11.63[161],"""The Mook, the Chef, the Wife and Her Homer"""
19,2007–08,20,"September 23, 2007","May 18, 2008",Sunday 8:00 pm,8m v.[162],11.74[163],"""Treehouse of Horror XVIII"""
20,2008–09,21,"September 28, 2008","May 17, 2009","Sunday 8:00 pm (Episodes 1–7, 9–21) Sunday 8:30 pm (Episode 8)",6.9m v.[164],12.40[165],"""Treehouse of Horror XIX"""
21,2009–10,23,"September 27, 2009","May 23, 2010",Sunday 8:00 pm,7.2m v.[166],14.62[167],"""Once Upon a Time in Springfield"""
22,2010–11,22,"September 26, 2010","May 22, 2011",Sunday 8:00 pm,7.3m v.[168],12.55[169],"""Moms I'd Like to Forget"""
23,2011–12,22,"September 25, 2011","May 20, 2012",Sunday 8:00 pm,7m v.[170],11.48[171],"""The D'oh-cial Network"""
24,2012–13,22,"September 30, 2012","May 19, 2013",Sunday 8:00 pm (Episodes 1–21) Sunday 8:30 pm (Episode 22),6.3m v.[172],8.97[173],"""Homer Goes to Prep School"""
25,2013–14,22,"September 29, 2013","May 18, 2014","Sunday 8:00 pm (Episodes 1–11, 13–22) Sunday 7:30 pm (Episode 12)",5.6m v.[174],12.04[175],"""Steal This Episode"""
26,2014–15,22,"September 28, 2014","May 17, 2015",Sunday 8:00 pm,5.6m v.[176],10.62[177],"""The Man Who Came to Be Dinner"""
27,2015–16,22,"September 27, 2015","May 22, 2016",Sunday 8:00 pm,4.7m v.[178],8.33[179],"""Teenage Mutant Milk-Caused Hurdles"""
28,2016–17,22,"September 25, 2016","May 21, 2017",Sunday 8:00 pm,4.8[180],8.19[181],"""Pork and Burns"""
29,2017–18,21,"October 1, 2017","May 20, 2018",Sunday 8:00 pm,4.1m v.[182],8.04[183],"""Frink Gets Testy"""
30,2018–19,23,"September 30, 2018","May 12, 2019",Sunday 8:00 pm,3.7m v.[184],8.20[185],"""The Girl on the Bus"""
31,2019–20,22,"September 29, 2019","May 17, 2020",Sunday 8:00 pm,3m v.[186],5.63[187],"""Go Big or Go Homer"""
32,2020–21,22,"September 27, 2020","May 23, 2021","Sunday 8:00 pm (Episodes 1–10, 12–22) Sunday 9:00 pm (Episode 11)",2.4m v.[188],4.93[189],"""Treehouse of Horror XXXI"""
33,2021–22,22,"September 26, 2021","May 22, 2022","Sunday 8:00 pm (Episodes 1–10, 12–22) Sunday 9:00 pm (Episode 11)",2.3m v.[190],3.97[191],"""Portrait of a Lackey on Fire"""
34,2022–23,22,"September 25, 2022","May 21, 2023","Sunday 8:00 pm (Episodes 1–8, 10–22) Sunday 8:30 pm (Episode 9)",2.1m v.[192],4.77[193],"""From Beer to Paternity"""
35,2023–24,18,"October 1, 2023","May 19, 2024","Sunday 8:00 pm (Episodes 1–5, 7, 10–18) Sunday 8:30 pm (Episodes 6, 8, 9)",1.99m v.[194],5.41[195],"""Do the Wrong Thing"""
36,2024–25,22,"September 29, 2024","May 18, 2025","Sunday 8:00 pm (Episodes 1–2, 4–7, 10–18) Sunday 8:30 pm (Episodes 3, 8, 9)",,3.31[196],"""Bottle Episode"""
37,2025–26,19,"September 28, 2025","August 26, 2026[197]","Sunday 8:00 pm (Episodes 1–5, 7, 9–17)[198] Sunday 8:30 pm (Episodes 6, 8)[198]",—N/a,4.08[199],"""Treehouse of Horror XXXVI"""
